{"keymap_db_version":13,"app_version":70,"keymap_list":[{"actionList":[{"data":"\"","extras":[],"flags":0,"type":"TEXT_BLOCK","uid":"b989e0c4-a3d4-4aab-90c7-bfdcee118a98"}],"constraintList":[],"constraintMode":1,"flags":0,"id":1,"isEnabled":true,"trigger":{"extras":[],"flags":0,"keys":[{"clickType":0,"deviceId":"io.github.sds100.keymapper.ANY_DEVICE","flags":0,"keyCode":68,"uid":"29bc1e71-c7ba-47dc-bc3a-048d9867e4ce"}],"mode":2},"uid":"cd26bdc6-c684-479d-99bc-29d02607d904"},{"actionList":[{"data":"`","extras":[],"flags":0,"type":"TEXT_BLOCK","uid":"b057f2fa-49a0-4bea-8006-40c7457f355e"}],"constraintList":[],"constraintMode":1,"flags":0,"id":2,"isEnabled":true,"trigger":{"extras":[],"flags":0,"keys":[{"clickType":0,"deviceId":"io.github.sds100.keymapper.ANY_DEVICE","flags":0,"keyCode":59,"uid":"34735c54-8e56-4c0b-a3d9-8a73a7fb7509"},{"clickType":0,"deviceId":"io.github.sds100.keymapper.ANY_DEVICE","flags":0,"keyCode":68,"uid":"e447f216-27ed-4759-acf0-c2f8000a068d"}],"mode":0},"uid":"c35aeb8a-e673-41ff-a661-95aa029c8cf6"},{"actionList":[{"data":"*","extras":[],"flags":0,"type":"TEXT_BLOCK","uid":"cea29caa-264a-4f94-954f-9ea575b91c90"}],"constraintList":[],"constraintMode":1,"flags":0,"id":3,"isEnabled":true,"trigger":{"extras":[],"flags":0,"keys":[{"clickType":0,"deviceId":"io.github.sds100.keymapper.ANY_DEVICE","flags":0,"keyCode":113,"uid":"caf149c1-f3ef-45e5-a4a3-c99c81fb58fa"},{"clickType":0,"deviceId":"io.github.sds100.keymapper.ANY_DEVICE","flags":0,"keyCode":7,"uid":"68891c09-1a7d-469f-bc6c-9e4847a1383a"}],"mode":0},"uid":"50ab8624-d85c-4374-9a00-46fcf818c180"},{"actionList":[{"data":"`","extras":[],"flags":0,"type":"TEXT_BLOCK","uid":"b1fcbce8-7f18-4b8e-9ee7-f9f592d22117"}],"constraintList":[],"constraintMode":1,"flags":0,"id":4,"isEnabled":true,"trigger":{"extras":[],"flags":0,"keys":[{"clickType":0,"deviceId":"io.github.sds100.keymapper.ANY_DEVICE","flags":0,"keyCode":71,"uid":"a83d0321-310f-487f-a37d-b562e0685bfb"}],"mode":2},"uid":"774ab283-db0b-4cfd-bc0e-56d8aa002205"},{"actionList":[{"data":"`","extras":[],"flags":0,"type":"TEXT_BLOCK","uid":"8bcda862-dc45-430b-886d-6f9dfbb5c07a"}],"constraintList":[],"constraintMode":1,"flags":0,"id":5,"isEnabled":true,"trigger":{"extras":[],"flags":0,"keys":[{"clickType":0,"deviceId":"io.github.sds100.keymapper.ANY_DEVICE","flags":0,"keyCode":59,"uid":"b28ac19b-26f0-4f7b-aefb-82fbee1cbdb3"},{"clickType":0,"deviceId":"io.github.sds100.keymapper.ANY_DEVICE","flags":0,"keyCode":71,"uid":"aa03a0c5-e196-4192-9074-a39191718a32"}],"mode":0},"uid":"d1a849ca-ea93-40a4-826b-7d11ef3ed2a2"},{"actionList":[{"data":"[","extras":[],"flags":0,"type":"TEXT_BLOCK","uid":"42a7507a-af52-4962-863a-e9a7f47ac470"}],"constraintList":[],"constraintMode":1,"flags":0,"id":6,"isEnabled":true,"trigger":{"extras":[],"flags":0,"keys":[{"clickType":0,"deviceId":"io.github.sds100.keymapper.ANY_DEVICE","flags":0,"keyCode":72,"uid":"f7b266ff-6617-4034-abc5-e269dee964a9"}],"mode":2},"uid":"8735829b-0ee2-429a-85d2-0427a027c2e2"},{"actionList":[{"data":"]","extras":[],"flags":0,"type":"TEXT_BLOCK","uid":"11c7766b-77c3-4afa-ad81-8d1d0724b874"}],"constraintList":[],"constraintMode":1,"flags":0,"id":7,"isEnabled":true,"trigger":{"extras":[],"flags":0,"keys":[{"clickType":0,"deviceId":"d6add2ccbd4c7a84e504dd951a6b4dd3283772c8","deviceName":"SEM USB Keyboard","flags":0,"keyCode":73,"uid":"79e4af02-8d8e-465a-883a-5cd226806895"}],"mode":2},"uid":"25535fec-38d7-4ab4-8f9c-d59227eec3dd"},{"actionList":[{"data":"{","extras":[],"flags":0,"type":"TEXT_BLOCK","uid":"406a648f-854d-4884-9963-0bcdf7f59ab2"}],"constraintList":[],"constraintMode":1,"flags":0,"id":8,"isEnabled":true,"trigger":{"extras":[],"flags":0,"keys":[{"clickType":0,"deviceId":"io.github.sds100.keymapper.ANY_DEVICE","flags":0,"keyCode":59,"uid":"fc890b04-751c-4ccc-9c73-32a940d64c6c"},{"clickType":0,"deviceId":"io.github.sds100.keymapper.ANY_DEVICE","flags":0,"keyCode":72,"uid":"bfd16547-922b-4b90-aaa7-4038328dbb2c"}],"mode":0},"uid":"a8955921-9d3f-40c3-8e77-069b4b81dfca"},{"actionList":[{"data":"}","extras":[],"flags":0,"type":"TEXT_BLOCK","uid":"050dc80c-d863-4c5c-8fa7-5c38bdf69971"}],"constraintList":[],"constraintMode":1,"flags":0,"id":9,"isEnabled":true,"trigger":{"extras":[],"flags":0,"keys":[{"clickType":0,"deviceId":"io.github.sds100.keymapper.ANY_DEVICE","flags":0,"keyCode":59,"uid":"7996949b-d341-4fe5-b23d-ec2b1010514d"},{"clickType":0,"deviceId":"io.github.sds100.keymapper.ANY_DEVICE","flags":0,"keyCode":73,"uid":"10de81f4-854e-42e3-b1f8-484ab33ddd5a"}],"mode":0},"uid":"f96bdce8-bfc0-4b45-9c8c-49b2255ac090"},{"actionList":[{"data":"^","extras":[],"flags":0,"type":"TEXT_BLOCK","uid":"6f202c3a-b3fa-4ae5-bbf5-8fe09d511415"}],"constraintList":[],"constraintMode":1,"flags":0,"id":10,"isEnabled":true,"trigger":{"extras":[],"flags":0,"keys":[{"clickType":0,"deviceId":"d6add2ccbd4c7a84e504dd951a6b4dd3283772c8","deviceName":"SEM USB Keyboard","flags":1,"keyCode":59,"uid":"6a76e4df-2bde-4ad5-bf55-be7a4340d2ec"},{"clickType":0,"deviceId":"d6add2ccbd4c7a84e504dd951a6b4dd3283772c8","deviceName":"SEM USB Keyboard","flags":0,"keyCode":75,"uid":"49d17de2-dfbe-4f02-82a6-74292efb1e28"}],"mode":0},"uid":"a2726b84-8196-46ce-b2bd-c0c7e22a529e"},{"actionList":[{"data":"~","extras":[],"flags":0,"type":"TEXT_BLOCK","uid":"b42d9968-459c-49ca-ab4e-fd99db7d944c"}],"constraintList":[],"constraintMode":1,"flags":0,"id":11,"isEnabled":true,"trigger":{"extras":[],"flags":0,"keys":[{"clickType":0,"deviceId":"d6add2ccbd4c7a84e504dd951a6b4dd3283772c8","deviceName":"SEM USB Keyboard","flags":0,"keyCode":75,"uid":"bc33ed46-3479-450e-8c53-42f07c365107"}],"mode":2},"uid":"cd3d63e1-6589-4a3b-9e49-c954e4909c3a"},{"actionList":[{"data":";","extras":[],"flags":0,"type":"TEXT_BLOCK","uid":"e6e7ec3a-d2e8-48e4-ba8f-645020398e33"}],"constraintList":[],"constraintMode":1,"flags":0,"id":12,"isEnabled":true,"trigger":{"extras":[],"flags":0,"keys":[{"clickType":0,"deviceId":"d6add2ccbd4c7a84e504dd951a6b4dd3283772c8","deviceName":"SEM USB Keyboard","flags":0,"keyCode":76,"uid":"622a0aed-f683-4151-88f0-ece7f8250735"}],"mode":2},"uid":"989845ba-b563-4751-9cc2-2bbb999336e1"},{"actionList":[{"data":":","extras":[],"flags":0,"type":"TEXT_BLOCK","uid":"35f15e17-5052-497e-88dd-b4444e6c1dcf"}],"constraintList":[],"constraintMode":1,"flags":0,"id":13,"isEnabled":true,"trigger":{"extras":[],"flags":0,"keys":[{"clickType":0,"deviceId":"d6add2ccbd4c7a84e504dd951a6b4dd3283772c8","deviceName":"SEM USB Keyboard","flags":1,"keyCode":59,"uid":"fbd20360-ec7a-455e-a364-1a2a4d096f73"},{"clickType":0,"deviceId":"d6add2ccbd4c7a84e504dd951a6b4dd3283772c8","deviceName":"SEM USB Keyboard","flags":0,"keyCode":76,"uid":"046b66b5-9831-4e35-80c5-89998a8014bc"}],"mode":0},"uid":"5548d544-84df-45e9-ac08-fadd0ee6191c"},{"actionList":[{"data":"\\","extras":[],"flags":0,"type":"TEXT_BLOCK","uid":"be7e8886-43c5-4fcb-94f0-a0d8cfb1a6a3"}],"constraintList":[],"constraintMode":1,"flags":0,"id":14,"isEnabled":true,"trigger":{"extras":[],"flags":0,"keys":[{"clickType":0,"deviceId":"d6add2ccbd4c7a84e504dd951a6b4dd3283772c8","deviceName":"SEM USB Keyboard","flags":1,"keyCode":58,"uid":"87fd9a66-bb25-4d2b-a9b7-4f4856d1fad7"},{"clickType":0,"deviceId":"d6add2ccbd4c7a84e504dd951a6b4dd3283772c8","deviceName":"SEM USB Keyboard","flags":0,"keyCode":46,"uid":"4c04abe9-ef40-41d3-8042-9ab2c2dde790"}],"mode":0},"uid":"3baedfa2-31e2-4caf-a26c-0917c9a82973"},{"actionList":[{"data":"?","extras":[],"flags":0,"type":"TEXT_BLOCK","uid":"e6b7a524-983d-44aa-8388-c48a3ab3ab26"}],"constraintList":[],"constraintMode":1,"flags":0,"id":15,"isEnabled":true,"trigger":{"extras":[],"flags":0,"keys":[{"clickType":0,"deviceId":"d6add2ccbd4c7a84e504dd951a6b4dd3283772c8","deviceName":"SEM USB Keyboard","flags":1,"keyCode":58,"uid":"df6d59e3-d521-49fb-8e07-408c7d9760ba"},{"clickType":0,"deviceId":"d6add2ccbd4c7a84e504dd951a6b4dd3283772c8","deviceName":"SEM USB Keyboard","flags":0,"keyCode":51,"uid":"dc58ef93-2b98-4fc3-84e4-b8d6ea241f13"}],"mode":0},"uid":"04d63183-7e2f-4686-9ec1-2229674ad0e6"},{"actionList":[{"data":"|","extras":[],"flags":0,"type":"TEXT_BLOCK","uid":"56d8e7df-0b14-4e9a-ab00-b89d45b7729c"}],"constraintList":[],"constraintMode":1,"flags":0,"id":16,"isEnabled":true,"trigger":{"extras":[],"flags":0,"keys":[{"clickType":0,"deviceId":"d6add2ccbd4c7a84e504dd951a6b4dd3283772c8","deviceName":"SEM USB Keyboard","flags":1,"keyCode":58,"uid":"e5b399fa-7fc5-48dc-a9be-20c4e9b8a273"},{"clickType":0,"deviceId":"d6add2ccbd4c7a84e504dd951a6b4dd3283772c8","deviceName":"SEM USB Keyboard","flags":0,"keyCode":33,"uid":"ef9ef984-7840-45a9-87e0-9b99c82abe22"}],"mode":0},"uid":"901e7ea8-426a-4258-9efa-887bc2864990"},{"actionList":[{"data":"/","extras":[],"flags":0,"type":"TEXT_BLOCK","uid":"1140e2f6-6125-4717-9217-dc384b9f5aaa"}],"constraintList":[],"constraintMode":1,"flags":0,"id":17,"isEnabled":true,"trigger":{"extras":[],"flags":0,"keys":[{"clickType":0,"deviceId":"d6add2ccbd4c7a84e504dd951a6b4dd3283772c8","deviceName":"SEM USB Keyboard","flags":1,"keyCode":58,"uid":"4f0eae22-5975-4f94-a2d3-64be46e35275"},{"clickType":0,"deviceId":"d6add2ccbd4c7a84e504dd951a6b4dd3283772c8","deviceName":"SEM USB Keyboard","flags":0,"keyCode":45,"uid":"b8ab3b49-bf76-4798-aaa5-1f328cf3d113"}],"mode":0},"uid":"aa839744-35e2-408d-825e-2b4e5bd3958d"},{"actionList":[{"data":"com.kiwibrowser.browser","extras":[],"flags":0,"type":"APP","uid":"2394511a-2d9f-4979-881a-61054ec771e3"}],"constraintList":[],"constraintMode":1,"flags":0,"id":18,"isEnabled":true,"trigger":{"extras":[],"flags":0,"keys":[{"clickType":0,"deviceId":"d6add2ccbd4c7a84e504dd951a6b4dd3283772c8","deviceName":"SEM USB Keyboard","flags":0,"keyCode":57,"uid":"a0d85d56-3640-4b5f-94ef-157d75d373e7"},{"clickType":0,"deviceId":"d6add2ccbd4c7a84e504dd951a6b4dd3283772c8","deviceName":"SEM USB Keyboard","flags":0,"keyCode":51,"uid":"3fab8d26-b2f9-467e-a61f-a8c44dc710c6"}],"mode":0},"uid":"c443e1c4-961e-4927-8f14-55daeaff143b"},{"actionList":[{"data":"com.termux","extras":[],"flags":0,"type":"APP","uid":"9c2c4646-aa30-410d-97c9-e5e5948b530a"}],"constraintList":[],"constraintMode":1,"flags":0,"id":19,"isEnabled":true,"trigger":{"extras":[],"flags":0,"keys":[{"clickType":0,"deviceId":"d6add2ccbd4c7a84e504dd951a6b4dd3283772c8","deviceName":"SEM USB Keyboard","flags":0,"keyCode":57,"uid":"67de54a4-f201-484b-82be-ca93d86422f5"},{"clickType":0,"deviceId":"d6add2ccbd4c7a84e504dd951a6b4dd3283772c8","deviceName":"SEM USB Keyboard","flags":0,"keyCode":48,"uid":"00a10bdc-7708-4082-95a3-217047615176"}],"mode":0},"uid":"c56f45b8-d4a3-4fd4-9df4-859069c9e242"},{"actionList":[{"data":"209","extras":[],"flags":4,"type":"KEY_EVENT","uid":"83ce9d76-fa49-4e10-ba09-697dcce49ea3"}],"constraintList":[],"constraintMode":1,"flags":0,"id":20,"isEnabled":true,"trigger":{"extras":[],"flags":0,"keys":[{"clickType":0,"deviceId":"d6add2ccbd4c7a84e504dd951a6b4dd3283772c8","deviceName":"SEM USB Keyboard","flags":0,"keyCode":133,"uid":"5e98bdca-25e0-4553-bc01-921a42d06316"}],"mode":2},"uid":"3f1916ca-cb4e-4446-9fc5-47013d32d5af"},{"actionList":[{"data":"previous_track","extras":[],"flags":0,"type":"SYSTEM_ACTION","uid":"7be7aac6-c4bb-41f5-ba81-5f8c6c7e18d1"}],"constraintList":[],"constraintMode":1,"flags":0,"id":21,"isEnabled":true,"trigger":{"extras":[],"flags":0,"keys":[{"clickType":0,"deviceId":"d6add2ccbd4c7a84e504dd951a6b4dd3283772c8","deviceName":"SEM USB Keyboard","flags":0,"keyCode":134,"uid":"221983dc-7109-4816-a68a-419a52c62497"}],"mode":2},"uid":"bb9d5f9a-fa4e-484f-a506-5757bd4c3baf"},{"actionList":[{"data":"play_pause_media","extras":[],"flags":0,"type":"SYSTEM_ACTION","uid":"dadefda9-2cae-40a5-9a23-4389db049c40"}],"constraintList":[],"constraintMode":1,"flags":0,"id":22,"isEnabled":true,"trigger":{"extras":[],"flags":0,"keys":[{"clickType":0,"deviceId":"d6add2ccbd4c7a84e504dd951a6b4dd3283772c8","deviceName":"SEM USB Keyboard","flags":0,"keyCode":135,"uid":"318c0cce-e521-4855-9eb5-aee5c74ae32d"}],"mode":2},"uid":"d337ec58-e45b-4970-bd8c-6cef89d628a1"},{"actionList":[{"data":"next_track","extras":[],"flags":0,"type":"SYSTEM_ACTION","uid":"3b6bad28-994f-4da9-9029-113c58d0c7f8"}],"constraintList":[],"constraintMode":1,"flags":0,"id":23,"isEnabled":true,"trigger":{"extras":[],"flags":0,"keys":[{"clickType":0,"deviceId":"d6add2ccbd4c7a84e504dd951a6b4dd3283772c8","deviceName":"SEM USB Keyboard","flags":0,"keyCode":136,"uid":"f21e411c-2562-4039-9eae-5c06b7d50afe"}],"mode":2},"uid":"cde36f23-f7ae-4acf-9df4-2c62a6bd0e0f"},{"actionList":[{"data":"volume_down","extras":[],"flags":0,"type":"SYSTEM_ACTION","uid":"70e092bb-2bd7-43e7-9113-16800497dddb"}],"constraintList":[],"constraintMode":1,"flags":0,"id":24,"isEnabled":true,"trigger":{"extras":[],"flags":0,"keys":[{"clickType":0,"deviceId":"d6add2ccbd4c7a84e504dd951a6b4dd3283772c8","deviceName":"SEM USB Keyboard","flags":0,"keyCode":138,"uid":"19ba2f14-b196-4537-a7bf-69e404a5dd3f"}],"mode":2},"uid":"30db11e8-ed8f-4811-8832-44b9107f56bc"},{"actionList":[{"data":"volume_up","extras":[],"flags":0,"type":"SYSTEM_ACTION","uid":"d37ecb0e-bf97-4a67-94f8-36f5cfdb877c"}],"constraintList":[],"constraintMode":1,"flags":0,"id":25,"isEnabled":true,"trigger":{"extras":[],"flags":0,"keys":[{"clickType":0,"deviceId":"d6add2ccbd4c7a84e504dd951a6b4dd3283772c8","deviceName":"SEM USB Keyboard","flags":0,"keyCode":139,"uid":"d2427811-9951-4d29-a5e7-a67f8614b347"}],"mode":2},"uid":"21c11872-586b-42a7-a370-3ae8d7b02587"},{"actionList":[{"data":"209","extras":[],"flags":4,"type":"KEY_EVENT","uid":"83a1851a-33fd-403b-9169-a5e66f020fd5"}],"constraintList":[],"constraintMode":1,"flags":0,"id":26,"isEnabled":true,"trigger":{"extras":[],"flags":0,"keys":[{"clickType":0,"deviceId":"d6add2ccbd4c7a84e504dd951a6b4dd3283772c8","deviceName":"SEM USB Keyboard","flags":0,"keyCode":133,"uid":"4a9704f2-1aa6-4483-91df-afb2826c03fe"}],"mode":2},"uid":"a5873e4b-cd0f-4bf9-88d3-260a0f4c4523"},{"actionList":[{"data":"ç","extras":[],"flags":0,"type":"TEXT_BLOCK","uid":"4ad5bde7-9f47-40cc-bdb3-fd5764d9ebe4"}],"constraintList":[],"constraintMode":1,"flags":0,"id":27,"isEnabled":true,"trigger":{"extras":[],"flags":0,"keys":[{"clickType":0,"deviceId":"d6add2ccbd4c7a84e504dd951a6b4dd3283772c8","deviceName":"SEM USB Keyboard","flags":0,"keyCode":74,"uid":"a5d1b2db-35a5-42bc-9b14-12f75723d7bf"}],"mode":2},"uid":"b349e1cb-2ac5-4483-a2d4-9e752739c81e"},{"actionList":[{"data":"+","extras":[],"flags":0,"type":"TEXT_BLOCK","uid":"844f717e-21b3-4106-9e41-f7c5d43ce57c"}],"constraintList":[],"constraintMode":1,"flags":0,"id":28,"isEnabled":true,"trigger":{"extras":[],"flags":0,"keys":[{"clickType":0,"deviceId":"d6add2ccbd4c7a84e504dd951a6b4dd3283772c8","deviceName":"SEM USB Keyboard","flags":1,"keyCode":59,"uid":"03ed9ed7-c9ed-4848-8422-3af44179cbf0"},{"clickType":0,"deviceId":"d6add2ccbd4c7a84e504dd951a6b4dd3283772c8","deviceName":"SEM USB Keyboard","flags":0,"keyCode":74,"uid":"f9f5bc4b-c618-417e-b2fa-33e5733210f9"}],"mode":0},"uid":"3f5180bd-0398-4315-9996-1ad823b9f333"},{"actionList":[{"data":"\u0027","extras":[],"flags":0,"type":"TEXT_BLOCK","uid":"913f5462-0898-433f-a211-896cbd213655"}],"constraintList":[],"constraintMode":1,"flags":0,"id":29,"isEnabled":true,"trigger":{"extras":[],"flags":0,"keys":[{"clickType":0,"deviceId":"d6add2ccbd4c7a84e504dd951a6b4dd3283772c8","deviceName":"SEM USB Keyboard","flags":1,"keyCode":58,"uid":"3dd1d97a-26b8-49f2-9c0a-dc405d1f481e"},{"clickType":0,"deviceId":"d6add2ccbd4c7a84e504dd951a6b4dd3283772c8","deviceName":"SEM USB Keyboard","flags":0,"keyCode":68,"uid":"3a73ba28-ba1d-4420-b4d9-f40e4b6bb6e7"}],"mode":0},"uid":"16832276-6f37-4c2f-8025-1a7dd2b57082"},{"actionList":[{"data":"io.github.sds100.keymapper","extras":[],"flags":0,"type":"APP","uid":"10c923d0-0e74-4ff0-a104-dfd93cce8135"}],"constraintList":[],"constraintMode":1,"flags":0,"id":30,"isEnabled":true,"trigger":{"extras":[],"flags":0,"keys":[{"clickType":0,"deviceId":"io.github.sds100.keymapper.ANY_DEVICE","flags":0,"keyCode":57,"uid":"c00bc5a6-8ed6-4022-b49e-d9536081d4c2"},{"clickType":0,"deviceId":"io.github.sds100.keymapper.ANY_DEVICE","flags":0,"keyCode":39,"uid":"3c9be9c9-308e-4bab-9094-162a1a8b9135"}],"mode":0},"uid":"2f3bf228-eeac-48bd-a2dc-c4d8d94f56e5"}],"fingerprint_map_list":[{"action_list":[],"constraints":[],"constraint_mode":1,"extras":[],"flags":0,"id":0,"enabled":true},{"action_list":[],"constraints":[],"constraint_mode":1,"extras":[],"flags":0,"id":1,"enabled":true},{"action_list":[],"constraints":[],"constraint_mode":1,"extras":[],"flags":0,"id":2,"enabled":true},{"action_list":[],"constraints":[],"constraint_mode":1,"extras":[],"flags":0,"id":3,"enabled":true}]}